0	Le système doit fournir un jeu de démonstration déterministe, réinitialisé par une seule commande, contenant au moins un groupe de deux organisations ou plus, au moins une organisation indépendante, plusieurs secteurs, un utilisateur par rôle et au moins dix instances de chaque processus de bout en bout principal par organisation, le tout fictif (section 2.7).	يجب أن يوفر النظام تعبئة تجريبية حتمية تُعاد بأمر واحد، تتضمن على الأقل مجموعة من مؤسستين أو أكثر، ومؤسسة مستقلة واحدة على الأقل، وعدة قطاعات، ومستخدمًا لكل دور، وعشر حالات على الأقل من كل مسار شامل رئيسي لكل مؤسسة، وكلها خيالية (القسم 2.7).
1	Deux déroulés complets par organisation (digital et IA) au lieu de dix instances de chaque processus E2E ; chaque processus E2E est instancié dans chaque déroulé.	تنفيذان كاملان لكل مؤسسة (رقمي وذكاء اصطناعي) بدل عشر حالات لكل مسار شامل؛ ويُنشأ كل مسار شامل في كل تنفيذ.
2	Le système doit inclure une vue de traçabilité pour l'administrateur associant chaque identifiant d'exigence de ce standard à son statut de mise en œuvre (satisfait, partiel, non satisfait ou responsabilité de déploiement) et une courte note de preuve.	يجب أن يتضمن النظام عرض تتبع للمسؤول يربط كل معرف متطلب في هذا المعيار بوضعية تنفيذه (مستوفى، جزئي، غير مستوفى، مسؤولية النشر) وملاحظة دليل قصيرة.
3	Le système doit amorcer des données de démonstration dans chaque module, afin qu'aucun écran de l'application livrée ne soit vide : équipes d'enregistrement avec rôles, modèles, pièces jointes de plusieurs formats, cas d'usage IA personnalisés et dérogations de projet, paramètres d'alertes et alertes déjà lues, et enregistrements d'intégrations et de webhooks.	يجب أن يعبئ النظام بيانات تجريبية في كل وحدة، لكي لا تكون أي شاشة في التطبيق المسلم فارغة: فرق السجلات بأدوارها، والنماذج، والمرفقات بصيغ متعددة، وحالات استخدام مخصصة وتجاوزات المشاريع، وإعدادات التنبيهات وتنبيهات مقروءة، وتسجيلات التكاملات وwebhook.
4	Le système doit permettre à l'utilisateur de choisir un périmètre : un groupe, une ou plusieurs organisations ou un ensemble d'enregistrements principaux, chaque liste ne contenant que ce qu'il peut voir (FR-DA-TEN-15).	يجب أن يتيح النظام للمستخدم اختيار نطاق: مجموعة أو مؤسسة أو أكثر أو مجموعة سجلات رئيسية، على ألا تتضمن كل قائمة إلا ما يحق له رؤيته (FR-DA-TEN-15).
5	Matrice de portefeuille avec légende et export CSV	مصفوفة المحفظة مع المفتاح والتصدير بصيغة CSV
6	Le système doit afficher une ligne par enregistrement principal et une colonne par étape du processus, avec à chaque intersection le statut de l'étape pour cet enregistrement, selon un vocabulaire de statut unique (par exemple terminé, en cours, au jalon, en attente, arrêté, non démarré, hors variante).	يجب أن يعرض النظام سطرًا لكل سجل رئيسي وعمودًا لكل مرحلة من المسار، مع وضعية المرحلة لذلك السجل عند كل تقاطع، من مفردات وضعية واحدة (مثل مكتمل، جارٍ، عند البوابة، معلق، متوقف، لم يبدأ، خارج متغير السجل).
7	Le système doit afficher une légende des statuts de cellule, un total par étape, le nombre d'exécutions d'une étape lorsqu'elle a été exécutée plusieurs fois, et une info-bulle nommant l'enregistrement, l'étape et le statut.	يجب أن يعرض النظام مفتاحًا لوضعيات الخلايا، ومجموعًا لكل مرحلة، وعدد مرات تنفيذ المرحلة إن تكررت، ونصًا عند التمرير يذكر السجل والمرحلة والوضعية.
8	Le système doit exporter la matrice en CSV (FR-DA-REP-04) et afficher en lecture seule les enregistrements d'une autre organisation.	يجب أن يصدر النظام المصفوفة بصيغة CSV (FR-DA-REP-04) وأن يعرض سجلات مؤسسة أخرى للقراءة فقط.
9	Le système doit tenir une bibliothèque de listes de contrôle permettant création, lecture, modification, suppression et duplication des modèles, chacun avec des éléments ordonnés marqués obligatoires et avec preuve requise, classé par portée (universelle ou une verticale) et éventuellement par mode et parcours, et versionné via le service générique de versions (section 3.8). Une liste de contrôle n'exige pas de jalon.	يجب أن يحتفظ النظام بمكتبة قوائم تحقق تدعم الإنشاء والقراءة والتعديل والحذف والاستنساخ لنماذجها، لكل منها عناصر مرتبة موسومة إلزامية وتتطلب دليلًا، مصنفة حسب النطاق (عام أو قطاع واحد) واختياريًا حسب النمط والمسار، وذات إصدارات عبر خدمة الإصدارات العامة (القسم 3.8). ولا تتطلب قائمة التحقق بوابة.
10	Bibliothèque de listes de contrôle, listes autonomes et liées aux jalons	مكتبة قوائم التحقق، القوائم المستقلة والمرتبطة بالبوابات
11	Le système doit permettre de relier un modèle de liste de contrôle à zéro, un ou plusieurs jalons ; l'association se fait depuis le jalon (FR-DA-GTE-02) ou la liste, et une liste associée à un jalon est copiée dans la liste de ce jalon à l'ouverture de la phase. Une liste de référence intégrée s'applique à un jalon sans liste associée.	يجب أن يتيح النظام ربط نموذج قائمة تحقق بصفر أو بوابة أو أكثر؛ ويتم الربط من البوابة (FR-DA-GTE-02) أو من القائمة، وتُنسخ القائمة المرتبطة ببوابة في قائمة تلك البوابة عند فتح المرحلة. وتطبق قائمة مرجعية مدمجة على البوابة التي لا قائمة مرتبطة بها.
12	Le système doit permettre à un utilisateur autorisé d'ajouter des éléments à une liste de jalon ou de phase ouverte depuis tout modèle ou par saisie, sans jamais ajouter deux fois le même élément, et d'enregistrer cette liste comme nouveau modèle.	يجب أن يتيح النظام للمستخدم المرخص إضافة عناصر إلى قائمة تحقق بوابة أو مرحلة مفتوحة من أي نموذج أو بكتابتها، دون إضافة العنصر نفسه مرتين، وحفظ تلك القائمة كنموذج جديد.
13	Le système doit afficher pour chaque liste les jalons auxquels elle est associée, et permettre de filtrer la bibliothèque par jalon, par « non liée à un jalon », par verticale, mode et parcours ; il doit amorcer des listes sectorielles pour les nouvelles organisations du secteur.	يجب أن يعرض النظام لكل قائمة البوابات المرتبطة بها، وأن يتيح تصفية المكتبة حسب البوابة و«غير مرتبطة ببوابة» والقطاع والنمط والمسار؛ وأن يعبئ قوائم قطاعية للمؤسسات الجديدة في ذلك القطاع.
14	Le système doit figer une liste de contrôle, ses éléments et leurs preuves dès que le jalon auquel elle appartient est soumis à décision ou, pour une liste non liée à un jalon, dès sa validation.	يجب أن يجمد النظام قائمة التحقق وعناصرها وأدلتها بمجرد تقديم البوابة التابعة لها للقرار، أو بمجرد اعتمادها إن لم تكن مرتبطة ببوابة.
15	Le système doit permettre de rattacher directement une liste non liée à un jalon à une phase, une tâche ou un projet, avec suivi et reporting de son avancement ; une telle liste ne bloque aucune progression.	يجب أن يتيح النظام ربط قائمة تحقق غير مرتبطة ببوابة مباشرة بمرحلة أو مهمة أو مشروع، مع تتبع إتمامها والتقرير عنه؛ ولا تمنع هذه القائمة أي تقدم.
16	Le système doit afficher, avant la modification ou la suppression d'une liste, les jalons, modèles et phases ouvertes qui l'utilisent ; une liste associée à un jalon publié est retirée plutôt que supprimée, et la suppression d'une liste ne modifie jamais les copies déjà faites dans les projets.	يجب أن يعرض النظام قبل تغيير قائمة أو حذفها البوابات والنماذج والمراحل المفتوحة التي تستعملها؛ وتُسحب القائمة المرتبطة ببوابة منشورة بدل حذفها، ولا يغير حذف قائمة النسخ المأخوذة منها في المشاريع.
17	Le système doit permettre de joindre plusieurs fichiers à la fois à une action ou à un élément de liste, par sélecteur de fichiers ou glisser-déposer.	يجب أن يتيح النظام إرفاق عدة ملفات دفعة واحدة بإجراء أو عنصر قائمة تحقق، باختيار الملفات أو السحب والإفلات.
18	Pièces jointes avec formats acceptés et limites	المرفقات بالصيغ المقبولة والحدود
19	Le système doit accepter une liste publiée de formats — documents, tableurs, présentations, images, plans et CAO, données et modèles, archives, audio et vidéo, e-mails — avec une limite de taille et de nombre par envoi, et refuser tout autre type avec un message nommant le fichier refusé.	يجب أن يقبل النظام قائمة صيغ منشورة — الوثائق وجداول البيانات والعروض والصور والرسوم والتصميم بالحاسوب والبيانات والنماذج والأرشيفات والصوت والفيديو والرسائل — مع حد للحجم والعدد لكل تحميل، وأن يرفض أي نوع آخر برسالة تذكر الملف المرفوض.
20	Le système doit afficher pour chaque pièce jointe son type, sa taille, son auteur et sa date, avec téléchargement pour tout lecteur et suppression par son auteur ou un manager, auditée, et jamais une fois l'étape soumise.	يجب أن يعرض النظام لكل مرفق نوعه وحجمه ومؤلفه وتاريخه، مع التنزيل لكل قارئ والحذف لمؤلفه أو مدير مع التدقيق، ولا حذف بعد تقديم المرحلة.
21	Le système doit stocker les pièces jointes hors de tout répertoire servi par le web, par locataire, et les inclure dans les instructions de sauvegarde (NFR-DA-SEC-13, FR-DA-OPS-01).	يجب أن يخزن النظام المرفقات خارج أي مجلد متاح عبر الويب، محصورة في المستأجر، وأن يدرجها في تعليمات النسخ الاحتياطي (NFR-DA-SEC-13، FR-DA-OPS-01).
22	Le système doit permettre de définir des verticales, chacune avec un identifiant unique, un préfixe court, un nom, une description, ses segments cibles, sa proposition de valeur et ses macro-processus et processus E2E associés.	يجب أن يدعم النظام تعريف القطاعات، لكل منها معرف فريد وبادئة قصيرة واسم ووصف وفئاتها المستهدفة وعرض قيمتها ومساراتها الكبرى والشاملة المرتبطة.
23	Enregistrements de verticales avec cycle de vie, versions et activation	سجلات القطاعات بدورة الحياة والإصدارات والتفعيل
24	Le système doit prendre en charge une taxonomie de verticales avec des relations parent-enfant et entre sœurs.	يجب أن يدعم النظام تصنيفًا للقطاعات بعلاقات أصل-فرع وعلاقات بين الأشقاء.
25	Le système doit permettre aux administrateurs et partenaires de définir de nouvelles verticales sans modifier la plateforme, les nouvelles verticales fonctionnant aux côtés des existantes.	يجب أن يتيح النظام للمسؤولين والشركاء تعريف قطاعات جديدة دون تعديل المنصة، وتعمل القطاعات الجديدة إلى جانب القائمة.
26	Le système doit gérer chaque verticale selon le cycle Brouillon, Revue, Approuvé, Actif, Obsolète et Retiré, avec un circuit d'approbation (approbateurs, escalade et notifications configurables) pour la définition, l'activation, la modification, l'obsolescence et le retrait.	يجب أن يدبر النظام كل قطاع عبر دورة حياة: مسودة، مراجعة، معتمد، نشط، متقادم، مسحوب، مع مسار اعتماد (معتمدون قابلون للإعداد وتصعيد وإشعارات) للتعريف والتفعيل والتعديل والتقادم والسحب.
27	Le système doit versionner les définitions de verticales via le service de gestion des versions (section 3.8), afin que chaque changement puisse être suivi, revu, approuvé et annulé, y compris le retour à une version antérieure d'une activation ou d'une configuration.	يجب أن يدبر النظام إصدارات تعريفات القطاعات عبر خدمة إدارة الإصدارات (القسم 3.8)، ليمكن تتبع كل تغيير ومراجعته واعتماده والتراجع عنه، بما في ذلك التراجع عن تفعيل أو إعداد إلى إصدار سابق.
28	Le système doit permettre à chaque locataire d'activer son propre ensemble de verticales sans affecter les autres locataires.	يجب أن يتيح النظام لكل مستأجر تفعيل مجموعته الخاصة من القطاعات دون التأثير على المستأجرين الآخرين.
29	Le système doit refuser de désactiver une verticale, un macro-processus ou un processus E2E tant que des projets actifs en dépendent, exiger une approbation pour toute désactivation et conserver toutes les données d'une verticale désactivée.	يجب أن يرفض النظام تعطيل قطاع أو مسار كبير أو مسار شامل ما دامت مشاريع نشطة تعتمد عليه، وأن يشترط الاعتماد للتعطيل، وأن يحتفظ بكل بيانات القطاع المعطل.
30	Le système doit conserver une piste d'audit immuable, consultable et exportable de chaque action sur une verticale — définition, activation, modification, désactivation et retrait — conservée selon la politique (section 4.11).	يجب أن يحتفظ النظام بمسار تدقيق غير قابل للتغيير وقابل للبحث والتصدير لكل إجراء على القطاع — التعريف والتفعيل والتعديل والتعطيل والسحب — محفوظ وفق السياسة (القسم 4.11).
31	Le système doit enregistrer un responsable désigné pour chaque verticale et en gérer les changements : demande de changement, analyse d'impact, approbation et mise en œuvre suivie.	يجب أن يسجل النظام مالكًا معينًا لكل قطاع، وأن يدعم تدبير التغيير فيه: طلب التغيير وتحليل الأثر والاعتماد والتنفيذ المتتبع.
32	Le système doit mesurer et présenter des indicateurs de gouvernance par verticale : adoption, conformité et performance.	يجب أن يلتقط النظام مؤشرات الحكامة لكل قطاع ويقدم تقارير عنها: التبني والمطابقة والأداء.
33	Le système doit activer les macro-processus d'une verticale lors de son activation, avec une plage configurable de trois à cinq par verticale.	يجب أن يفعل النظام المسارات الكبرى للقطاع عند تفعيله، بمدى قابل للإعداد من ثلاثة إلى خمسة لكل قطاع.
34	Macro-processus et processus E2E de verticale avec tâches et étapes	المسارات الكبرى والشاملة للقطاع بمهامها وخطواتها
35	Le système doit décrire chaque macro-processus de verticale avec identifiant, nom, description, objectifs, fournisseurs d'entrées, entrées, tâches, sorties, clients des sorties, processus E2E liés, modules liés et exigences de conformité applicables.	يجب أن يصف النظام كل مسار كبير للقطاع بمعرف واسم ووصف وأهداف وموردي المدخلات والمدخلات والمهام والمخرجات وعملاء المخرجات والمسارات الشاملة والوحدات المرتبطة ومتطلبات المطابقة المطبقة.
36	Le système doit associer chaque macro-processus de verticale aux normes réglementaires et sectorielles qui s'y appliquent ; cette association est configurable et auditée.	يجب أن يربط النظام كل مسار كبير للقطاع بالمعايير التنظيمية والقطاعية المطبقة عليه؛ ويكون الربط قابلًا للإعداد ومدققًا.
37	Le système doit permettre aux administrateurs et partenaires d'ajouter des macro-processus de verticale sans modifier la plateforme, versionnés et réversibles comme les verticales (FR-DA-VRT-05).	يجب أن يتيح النظام للمسؤولين والشركاء إضافة مسارات كبرى قطاعية دون تعديل المنصة، ذات إصدارات وقابلة للتراجع كالقطاعات (FR-DA-VRT-05).
38	Le système doit prendre en charge des tâches dans chaque macro-processus (responsable, échéance, dépendances, statut) et des étapes dans chaque tâche (responsable, entrées, sorties, statut), et faire respecter les dépendances définies entre macro-processus, tâches et étapes.	يجب أن يدعم النظام مهام داخل كل مسار كبير (المالك، الأجل، التبعيات، الوضعية) وخطوات داخل كل مهمة (المالك، المدخلات، المخرجات، الوضعية)، وأن يفرض التبعيات المحددة بين المسارات الكبرى والمهام والخطوات.
39	Le système doit activer les processus E2E d'une verticale lors de son activation, avec une plage configurable de deux à quatre par verticale.	يجب أن يفعل النظام المسارات الشاملة للقطاع عند تفعيله، بمدى قابل للإعداد من اثنين إلى أربعة لكل قطاع.
40	Le système doit faire respecter les relations d'enchaînement entre processus E2E — séquentiel, embranchement, parallèle, retour arrière et terminal — et prendre en charge, par processus E2E, des déclencheurs (événement métier, temporel, manuel) et des états terminaux (succès, échec, annulation, retour arrière).	يجب أن يفرض النظام علاقات التسلسل بين المسارات الشاملة — تتابعية، متفرعة، متوازية، راجعة، نهائية — وأن يدعم لكل مسار شامل محفزات (حدث أعمال، زمني، يدوي) وحالات نهائية (نجاح، فشل، إلغاء، رجوع).
41	Le système doit prendre en charge des tâches utilisateur dans chaque processus E2E, chacune reliée aux macro-processus, tâches et étapes sur lesquels elle s'appuie.	يجب أن يدعم النظام مهام موجهة للمستخدم في كل مسار شامل، ترتبط كل منها بالمسارات الكبرى والمهام والخطوات التي تعتمد عليها.
42	Le système doit mesurer pour chaque macro-processus et processus E2E de verticale le temps de cycle, le taux d'achèvement, la qualité et la conformité, et produire à partir de ces mesures des rapports de statut, de conformité et de performance (section 4.8).	يجب أن يلتقط النظام لكل مسار كبير وشامل قطاعي مؤشرات مدة الدورة ومعدل الإتمام والجودة والمطابقة، وأن ينتج منها تقارير الوضعية والمطابقة والأداء (القسم 4.8).
43	Le système doit permettre à une verticale d'étendre le modèle de données commun avec ses propres objets, attributs, relations, règles de validation et états de cycle de vie, sans altérer ni casser les entités communes (section 6).	يجب أن يتيح النظام للقطاع توسيع نموذج البيانات المشترك بكائناته وخصائصه وعلاقاته وقواعد تحققه وحالات دورة حياته، دون تغيير الكيانات المشتركة أو كسرها (القسم 6).
44	Extensions de données et conservation par verticale	امتدادات البيانات والاحتفاظ لكل قطاع
45	Le système doit échanger les données de verticale dans des formats standard du secteur, au moins JSON, XML, CSV et PDF, et, lorsque la verticale l'exige, des formats d'ingénierie comme STEP, IGES et JT.	يجب أن يتبادل النظام بيانات القطاع بصيغ معيارية على الأقل JSON وXML وCSV وPDF، وحيثما يحتاج القطاع، بصيغ هندسية مثل STEP وIGES وJT.
46	Échange JSON, CSV, XML (BPMN) et PDF fourni ; les fichiers STEP/IGES/JT sont acceptés en pièces jointes, sans être analysés.	تبادل JSON وCSV وXML (BPMN) وPDF متوفر؛ وتُقبل ملفات STEP/IGES/JT كمرفقات دون تحليلها.
47	Le système doit appliquer des politiques de conservation par verticale et permettre l'archivage et la restitution des données de verticale, conformément aux durées réglementaires du secteur.	يجب أن يطبق النظام سياسات احتفاظ لكل قطاع ويدعم أرشفة بيانات القطاع واسترجاعها، وفق مدد الاحتفاظ التنظيمية للقطاع.
48	Le système doit prendre en charge les réglementations et normes propres à une verticale comme exigences de conformité configurables, auditées et présentables, sous réserve de FR-DA-CFG-09.	يجب أن يدعم النظام الأنظمة والمعايير الخاصة بالقطاع كمتطلبات مطابقة قابلة للإعداد والتدقيق والتقرير، مع مراعاة FR-DA-CFG-09.
49	Normes sectorielles associées aux listes de contrôle et contrôles de la verticale	معايير قطاعية مرتبطة بقوائم التحقق والضوابط القطاعية
